{"pos": [-1.1624319478259648, -0.7096396792134018, 0.14738251079219636], "stamp": {"secs": 1629816912, "nsecs": 214640617}}