{"pos": [-1.3285370076320315, -0.6418901008353208, 0.09546129694689683], "stamp": {"secs": 1629983103, "nsecs": 517513990}}