{"pos": [-3.418115755343282, 0.26777423049082816, 0.15531337880962112], "stamp": {"secs": 1629992441, "nsecs": 755922556}}