{"pos": [-0.09563956299316298, 2.26401991867308, 0.060560245367100536], "stamp": {"secs": 1630075714, "nsecs": 958449841}}