{"pos": [-3.071113155057201, -0.1097634706041449, 0.09306440632496199], "stamp": {"secs": 1629816800, "nsecs": 280844688}}