{"pos": [3.114960690845422, -1.5138877565072995, -0.1681962746394382], "stamp": {"secs": 1630075672, "nsecs": 875334740}}