{"pos": [-1.3141832492765428, 1.202059222894909, 0.3795291079082364], "stamp": {"secs": 1629811728, "nsecs": 731875658}}