{"pos": [0.212600748093, -1.7248025463, 0.060560245367100536], "stamp": {"secs": 1630075714, "nsecs": 958449841}}
