{"pos": [-0.028644843398357933, -0.5001023547249474, 0.11185942513443291], "stamp": {"secs": 1630073871, "nsecs": 62926531}}