{"pos": [2.21390879709, -0.710895614665, -0.1681962746394382], "stamp": {"secs": 1630075672, "nsecs": 875334740}}
